{"files":{"application-322c24212507dab01c9dc0d91802a280.js":{"logical_path":"application.js","mtime":"2015-07-22T19:13:06-07:00","size":376601,"digest":"322c24212507dab01c9dc0d91802a280"},"application-0fce4356a117a046f9d13d7522e30f31.css":{"logical_path":"application.css","mtime":"2015-06-06T12:38:01-07:00","size":3529,"digest":"0fce4356a117a046f9d13d7522e30f31"},"application-a012ad733ea3111088b32d4a2c883432.js":{"logical_path":"application.js","mtime":"2015-08-10T20:22:16-07:00","size":376632,"digest":"a012ad733ea3111088b32d4a2c883432"},"application-1fd2be932372ee21141123b9f548db53.css":{"logical_path":"application.css","mtime":"2015-08-13T18:51:38-07:00","size":4056,"digest":"1fd2be932372ee21141123b9f548db53"},"application-1914b8dd08574249cd9bcfb3858425b4.js":{"logical_path":"application.js","mtime":"2015-08-17T12:45:46-07:00","size":376255,"digest":"1914b8dd08574249cd9bcfb3858425b4"},"application-4d9e5a6f800ac1add5f4e4ff879dba63.css":{"logical_path":"application.css","mtime":"2015-08-13T19:16:21-07:00","size":710,"digest":"4d9e5a6f800ac1add5f4e4ff879dba63"},"gmaps4rails-0cb7b90aea95ee8f664cd7a321043a7b.css":{"logical_path":"gmaps4rails.css","mtime":"2015-08-13T17:55:51-07:00","size":501,"digest":"0cb7b90aea95ee8f664cd7a321043a7b"}},"assets":{"application.js":"application-1914b8dd08574249cd9bcfb3858425b4.js","application.css":"application-4d9e5a6f800ac1add5f4e4ff879dba63.css","gmaps4rails.css":"gmaps4rails-0cb7b90aea95ee8f664cd7a321043a7b.css"}}